{
  "AKWF_cheeze_0001": [0.005951,0.029572,0.049591,0.070709,0.091370,0.112122,0.132782,0.153381,0.174011,0.194489,0.214996,0.235107,0.255615,0.275635,0.295837,0.315582,0.335541,0.355103,0.374847,0.394135,0.413544,0.432526,0.451569,0.470306,0.488983,0.507355,0.525452,0.543518,0.561249,0.578857,0.596161,0.613251,0.629974,0.646606,0.662933,0.678986,0.694763,0.710205,0.725342,0.740143,0.754700,0.769012,0.782806,0.796295,0.809509,0.822327,0.834808,0.846893,0.858582,0.869873,0.880737,0.891235,0.901306,0.910889,0.920013,0.928772,0.937073,0.944885,0.952148,0.959015,0.965363,0.971222,0.976532,0.981354,0.985687,0.989349,0.992523,0.995178,0.997253,0.998810,0.999695,0.999969,0.999756,0.998871,0.997467,0.995361,0.992615,0.989288,0.985260,0.980682,0.975372,0.969513,0.962891,0.955597,0.947662,0.939056,0.929810,0.919891,0.909241,0.897980,0.885925,0.873322,0.859985,0.845947,0.831268,0.815796,0.799744,0.783081,0.765686,0.747650,0.729004,0.709625,0.689667,0.669220,0.647919,0.626160,0.603699,0.580811,0.557373,0.533386,0.508759,0.483673,0.458099,0.432159,0.405823,0.378937,0.351685,0.324036,0.296295,0.268005,0.239380,0.210632,0.181580,0.152435,0.123108,0.093567,0.063934,0.034180,0.004456,-0.025146,-0.054871,-0.084503,-0.114136,-0.143677,-0.172943,-0.201996,-0.231049,-0.259705,-0.288147,-0.316254,-0.343994,-0.371429,-0.398529,-0.425232,-0.451508,-0.477234,-0.502441,-0.527344,-0.551666,-0.575439,-0.598663,-0.621216,-0.643219,-0.664795,-0.685638,-0.705841,-0.725403,-0.744232,-0.762604,-0.780182,-0.797272,-0.813477,-0.829071,-0.843964,-0.858124,-0.871704,-0.884583,-0.896790,-0.908112,-0.918976,-0.928986,-0.938385,-0.947083,-0.955109,-0.962463,-0.969177,-0.975189,-0.980530,-0.985168,-0.989166,-0.992615,-0.995300,-0.997467,-0.998871,-0.999756,-1.000000,-0.999664,-0.998688,-0.997162,-0.995026,-0.992432,-0.989136,-0.985382,-0.981018,-0.976105,-0.970795,-0.964752,-0.958374,-0.951447,-0.944031,-0.936157,-0.927765,-0.918915,-0.909668,-0.899933,-0.889771,-0.879272,-0.868256,-0.856873,-0.845032,-0.832794,-0.820404,-0.807404,-0.794128,-0.780457,-0.766449,-0.752106,-0.737488,-0.722534,-0.707214,-0.691681,-0.675934,-0.659698,-0.643311,-0.626587,-0.609711,-0.592529,-0.575195,-0.557434,-0.539581,-0.521484,-0.503143,-0.484802,-0.466064,-0.447235,-0.428162,-0.409027,-0.389648,-0.370300,-0.350525,-0.330902,-0.310822,-0.290924,-0.270691,-0.250641,-0.230225,-0.209961,-0.189331,-0.168945,-0.148193,-0.127747,-0.106812,-0.086243,-0.065308,-0.044739,-0.024017],
  "AKWF_cheeze_0002": [0.000763,0.012085,0.030609,0.048309,0.066315,0.084198,0.102173,0.120056,0.138031,0.155670,0.173462,0.191223,0.208984,0.226624,0.244110,0.261719,0.279144,0.296570,0.313873,0.331024,0.348267,0.365295,0.382324,0.399231,0.416016,0.432587,0.449249,0.465729,0.481995,0.498291,0.514252,0.530273,0.545990,0.561676,0.577148,0.592468,0.607635,0.622681,0.637421,0.652039,0.666595,0.680725,0.694824,0.708679,0.722321,0.735779,0.748932,0.761810,0.774536,0.786957,0.799194,0.811188,0.822754,0.834076,0.845245,0.856079,0.866608,0.876678,0.886475,0.896057,0.905182,0.914032,0.922546,0.930573,0.938324,0.945618,0.952545,0.959045,0.965088,0.970642,0.975830,0.980591,0.984802,0.988525,0.991791,0.994476,0.996704,0.998352,0.999512,0.999969,0.999878,0.999268,0.997925,0.995972,0.993439,0.990112,0.986206,0.981537,0.976105,0.970001,0.963104,0.955475,0.946991,0.937714,0.927612,0.916626,0.904785,0.892059,0.878418,0.863770,0.848328,0.831940,0.814453,0.796051,0.776611,0.756104,0.734741,0.712372,0.688782,0.664307,0.638763,0.612122,0.584686,0.556122,0.526489,0.495850,0.464539,0.432159,0.398773,0.364746,0.329834,0.294312,0.258209,0.221344,0.183899,0.146057,0.107788,0.069427,0.030853,-0.007996,-0.046783,-0.085632,-0.124237,-0.162384,-0.200409,-0.238037,-0.275055,-0.311615,-0.347290,-0.382324,-0.416687,-0.450134,-0.482697,-0.514343,-0.544891,-0.574432,-0.603119,-0.630615,-0.657196,-0.682495,-0.706818,-0.730011,-0.752197,-0.773315,-0.793427,-0.812286,-0.830200,-0.847229,-0.863068,-0.878052,-0.891937,-0.904907,-0.917053,-0.928192,-0.938477,-0.947784,-0.956299,-0.964020,-0.970947,-0.977112,-0.982452,-0.987061,-0.990906,-0.994049,-0.996490,-0.998291,-0.999573,-0.999969,-0.999908,-0.999176,-0.997894,-0.995972,-0.993591,-0.990692,-0.987213,-0.983215,-0.978668,-0.973816,-0.968323,-0.962494,-0.956207,-0.949463,-0.942261,-0.934692,-0.926758,-0.918396,-0.909637,-0.900543,-0.891266,-0.881439,-0.871368,-0.860931,-0.850189,-0.839203,-0.827881,-0.816284,-0.804352,-0.792236,-0.779816,-0.767090,-0.754242,-0.741058,-0.727692,-0.714020,-0.700226,-0.686218,-0.671936,-0.657562,-0.642853,-0.628174,-0.613159,-0.597961,-0.582672,-0.567078,-0.551422,-0.535767,-0.519775,-0.503754,-0.487396,-0.471069,-0.454651,-0.438141,-0.421417,-0.404663,-0.387695,-0.370728,-0.353760,-0.336517,-0.319275,-0.301880,-0.284515,-0.267029,-0.249603,-0.231903,-0.214355,-0.196533,-0.178802,-0.160950,-0.143311,-0.125244,-0.107544,-0.089386,-0.071747,-0.053589,-0.035919,-0.017395],
  "AKWF_cheeze_0003": [0.000702,0.013123,0.029724,0.045074,0.061157,0.076630,0.092590,0.108124,0.123962,0.139587,0.155304,0.170837,0.186523,0.201996,0.217621,0.233124,0.248535,0.263977,0.279449,0.294739,0.310059,0.325287,0.340332,0.355560,0.370575,0.385590,0.400513,0.415375,0.430084,0.444824,0.459320,0.473969,0.488434,0.502686,0.516998,0.531189,0.545288,0.559204,0.573029,0.586761,0.600433,0.613983,0.627319,0.640503,0.653687,0.666656,0.679504,0.692230,0.704651,0.717102,0.729340,0.741394,0.753265,0.764954,0.776398,0.787750,0.798950,0.809875,0.820587,0.831085,0.841339,0.851440,0.861267,0.870789,0.880127,0.889130,0.897919,0.906494,0.914734,0.922577,0.930145,0.937439,0.944458,0.951050,0.957306,0.963196,0.968658,0.973877,0.978577,0.982880,0.986755,0.990051,0.993103,0.995544,0.997437,0.998901,0.999725,0.999969,0.999695,0.998749,0.997253,0.995026,0.992065,0.988434,0.984039,0.978851,0.972870,0.966064,0.958252,0.949493,0.939789,0.929077,0.917328,0.904388,0.890259,0.874969,0.858337,0.840393,0.821106,0.800293,0.777863,0.753937,0.728180,0.700928,0.671844,0.640808,0.607880,0.572937,0.536011,0.497314,0.456299,0.413361,0.368408,0.321381,0.272919,0.222595,0.170685,0.117493,0.063141,0.008270,-0.046783,-0.102112,-0.157166,-0.211395,-0.264709,-0.316406,-0.366302,-0.414490,-0.460541,-0.504333,-0.545593,-0.584778,-0.621552,-0.656067,-0.688385,-0.718262,-0.746155,-0.772217,-0.796234,-0.818604,-0.839172,-0.858063,-0.875519,-0.891449,-0.906006,-0.919403,-0.931458,-0.942291,-0.952057,-0.960785,-0.968536,-0.975281,-0.981079,-0.986115,-0.990326,-0.993683,-0.996277,-0.998169,-0.999481,-1.000000,-0.999878,-0.999298,-0.997955,-0.996185,-0.993896,-0.991089,-0.987701,-0.983917,-0.979706,-0.974945,-0.969910,-0.964386,-0.958466,-0.952148,-0.945618,-0.938660,-0.931244,-0.923615,-0.915680,-0.907410,-0.898834,-0.890015,-0.880859,-0.871490,-0.861877,-0.852020,-0.841888,-0.831573,-0.820984,-0.810181,-0.799194,-0.787994,-0.776611,-0.764923,-0.753174,-0.741241,-0.729156,-0.716888,-0.704437,-0.691803,-0.679047,-0.666138,-0.653107,-0.639923,-0.626556,-0.613129,-0.599609,-0.585907,-0.572021,-0.558167,-0.544128,-0.529968,-0.515839,-0.501465,-0.487061,-0.472565,-0.457886,-0.443329,-0.428558,-0.413727,-0.398804,-0.383881,-0.368774,-0.353760,-0.338593,-0.323334,-0.308105,-0.292816,-0.277466,-0.262054,-0.246613,-0.231079,-0.215576,-0.200104,-0.184479,-0.168823,-0.153168,-0.137360,-0.121887,-0.106018,-0.090332,-0.074524,-0.058960,-0.042908,-0.027588,-0.010834],