{
  "AKWF_saw": [0.000702,0.007690,0.015717,0.023376,0.031311,0.039001,0.046906,0.054626,0.062531,0.070282,0.078186,0.085907,0.093781,0.101562,0.109375,0.117188,0.125000,0.132782,0.140625,0.148438,0.156219,0.164062,0.171875,0.179688,0.187469,0.195282,0.203125,0.210938,0.218750,0.226532,0.234375,0.242218,0.250000,0.257782,0.265594,0.273438,0.281219,0.289032,0.296844,0.304688,0.312469,0.320312,0.328125,0.335938,0.343719,0.351532,0.359344,0.367188,0.374969,0.382812,0.390594,0.398407,0.406219,0.414032,0.421906,0.429626,0.437531,0.445251,0.453186,0.460846,0.468811,0.476410,0.484528,0.492004,0.500183,0.507568,0.515839,0.523193,0.531494,0.538788,0.547119,0.554443,0.562683,0.570129,0.578156,0.585907,0.593628,0.601746,0.609009,0.617645,0.624329,0.633575,0.639618,0.649567,0.654877,0.665558,0.670135,0.681488,0.685516,0.697357,0.701019,0.713013,0.716705,0.728424,0.732635,0.743591,0.748932,0.758423,0.765503,0.772888,0.782440,0.787018,0.799713,0.800934,0.817200,0.814575,0.834808,0.828186,0.852386,0.841980,0.869781,0.856049,0.886658,0.870728,0.902802,0.886322,0.917908,0.903107,0.931519,0.921783,0.942902,0.943207,0.950653,0.969727,0.950684,0.999969,0.924408,0.999969,-0.408203,-1.000000,-0.888092,-1.000000,-0.915955,-1.000000,-0.918488,-0.973755,-0.914093,-0.948700,-0.906616,-0.925903,-0.897308,-0.904694,-0.886597,-0.884735,-0.874786,-0.865875,-0.861847,-0.848022,-0.848022,-0.830994,-0.833405,-0.814758,-0.818085,-0.799103,-0.802277,-0.783905,-0.786011,-0.769012,-0.769562,-0.754303,-0.752991,-0.739655,-0.736389,-0.724976,-0.719879,-0.710175,-0.703522,-0.695221,-0.687286,-0.680084,-0.671265,-0.664764,-0.655396,-0.649323,-0.639679,-0.633728,-0.624084,-0.618042,-0.608551,-0.602295,-0.593048,-0.586517,-0.577606,-0.570679,-0.562134,-0.554932,-0.546661,-0.539154,-0.531128,-0.523499,-0.515594,-0.507782,-0.500031,-0.492126,-0.484436,-0.476471,-0.468811,-0.460846,-0.453186,-0.445221,-0.437531,-0.429626,-0.421906,-0.414001,-0.406311,-0.398407,-0.390625,-0.382812,-0.375031,-0.367188,-0.359406,-0.351532,-0.343750,-0.335938,-0.328125,-0.320282,-0.312500,-0.304718,-0.296844,-0.289062,-0.281219,-0.273468,-0.265625,-0.257812,-0.250031,-0.242188,-0.234344,-0.226562,-0.218750,-0.210938,-0.203125,-0.195282,-0.187469,-0.179657,-0.171875,-0.164062,-0.156219,-0.148407,-0.140625,-0.132782,-0.125000,-0.117157,-0.109375,-0.101532,-0.093781,-0.085907,-0.078156,-0.070282,-0.062531,-0.054657,-0.046906,-0.039001,-0.031311,-0.023376,-0.015717,-0.007690],
  "AKWF_sin": [0.002258,0.024139,0.049316,0.073395,0.098175,0.122253,0.146881,0.170868,0.195190,0.218994,0.243073,0.266602,0.290375,0.313599,0.336914,0.359833,0.382721,0.405182,0.427582,0.449585,0.471405,0.492859,0.514099,0.534973,0.555542,0.575806,0.595703,0.615234,0.634369,0.653168,0.671509,0.689514,0.707062,0.724243,0.740906,0.757202,0.772980,0.788330,0.803162,0.817596,0.831451,0.844849,0.857697,0.870087,0.881897,0.893219,0.903961,0.914185,0.923859,0.932983,0.941498,0.949524,0.956909,0.963715,0.970001,0.975677,0.980774,0.985229,0.989136,0.992462,0.995178,0.997253,0.998749,0.999664,0.999969,0.999695,0.998749,0.997253,0.995148,0.992462,0.989166,0.985260,0.980774,0.975647,0.970032,0.963715,0.956909,0.949493,0.941498,0.932953,0.923859,0.914185,0.903992,0.893219,0.881927,0.870056,0.857697,0.844788,0.831451,0.817535,0.803192,0.788330,0.772980,0.757202,0.740936,0.724243,0.707092,0.689514,0.671509,0.653168,0.634369,0.615204,0.595703,0.575806,0.555542,0.534973,0.514069,0.492889,0.471405,0.449615,0.427551,0.405243,0.382660,0.359894,0.336853,0.313690,0.290314,0.266724,0.242950,0.219086,0.195099,0.170959,0.146759,0.122406,0.098022,0.073547,0.049072,0.024506,0.000000,-0.024536,-0.049042,-0.073547,-0.098022,-0.122406,-0.146729,-0.170990,-0.195099,-0.219086,-0.242981,-0.266724,-0.290314,-0.313690,-0.336853,-0.359894,-0.382660,-0.405212,-0.427551,-0.449585,-0.471375,-0.492889,-0.514099,-0.534973,-0.555542,-0.575806,-0.595703,-0.615204,-0.634369,-0.653168,-0.671509,-0.689514,-0.707092,-0.724213,-0.740936,-0.757202,-0.772980,-0.788300,-0.803223,-0.817566,-0.831451,-0.844818,-0.857727,-0.870056,-0.881866,-0.893219,-0.903961,-0.914185,-0.923889,-0.932983,-0.941528,-0.949493,-0.956909,-0.963745,-0.970001,-0.975647,-0.980774,-0.985229,-0.989136,-0.992462,-0.995148,-0.997253,-0.998779,-0.999695,-0.999969,-0.999695,-0.998749,-0.997253,-0.995117,-0.992462,-0.989136,-0.985260,-0.980804,-0.975647,-0.970001,-0.963776,-0.956909,-0.949493,-0.941498,-0.932953,-0.923859,-0.914185,-0.903931,-0.893219,-0.881866,-0.870056,-0.857697,-0.844818,-0.831451,-0.817596,-0.803162,-0.788330,-0.772949,-0.757202,-0.740936,-0.724243,-0.707062,-0.689575,-0.671509,-0.653168,-0.634369,-0.615234,-0.595673,-0.575806,-0.555542,-0.534973,-0.514099,-0.492859,-0.471405,-0.449585,-0.427551,-0.405182,-0.382690,-0.359833,-0.336914,-0.313629,-0.290375,-0.266602,-0.243042,-0.218994,-0.195221,-0.170868,-0.146881,-0.122253,-0.098145,-0.073364,-0.049286,-0.024109],
  "AKWF_squ": [0.292816,0.999969,0.970001,0.999969,0.990967,0.999969,0.998718,0.998932,0.999969,0.996002,0.999969,0.994507,0.999969,0.993896,0.999969,0.993927,0.999969,0.994446,0.999969,0.995178,0.999969,0.996124,0.999969,0.997131,0.999969,0.998108,0.999969,0.998962,0.999969,0.999695,0.999939,0.999969,0.999451,0.999969,0.999115,0.999969,0.998962,0.999969,0.998932,0.999969,0.998993,0.999969,0.999115,0.999969,0.999298,0.999969,0.999481,0.999969,0.999664,0.999969,0.999817,0.999969,0.999939,0.999969,0.999969,0.999847,0.999969,0.999786,0.999969,0.999786,0.999969,0.999756,0.999969,0.999756,0.999969,0.999756,0.999969,0.999786,0.999969,0.999878,0.999969,0.999969,0.999908,0.999969,0.999756,0.999969,0.999573,0.999969,0.999390,0.999969,0.999176,0.999969,0.999023,0.999969,0.998871,0.999969,0.998810,0.999969,0.998901,0.999969,0.999115,0.999969,0.999542,0.999969,0.999969,0.999420,0.999969,0.998535,0.999969,0.997528,0.999969,0.996429,0.999969,0.995300,0.999969,0.994354,0.999969,0.993652,0.999969,0.993439,0.999969,0.993774,0.999969,0.994934,0.999969,0.997040,0.999969,0.999969,0.997223,0.999969,0.990997,0.999969,0.981415,0.999969,0.964569,0.999969,0.921875,0.999969,0.000000,-1.000000,-0.921906,-1.000000,-0.964569,-1.000000,-0.981415,-1.000000,-0.990967,-1.000000,-0.997192,-1.000000,-1.000000,-0.997070,-0.999969,-0.994934,-1.000000,-0.993774,-1.000000,-0.993439,-0.999969,-0.993683,-1.000000,-0.994354,-1.000000,-0.995300,-1.000000,-0.996399,-0.999969,-0.997498,-1.000000,-0.998535,-1.000000,-0.999420,-1.000000,-1.000000,-0.999512,-0.999969,-0.999146,-1.000000,-0.998932,-1.000000,-0.998810,-1.000000,-0.998871,-1.000000,-0.999023,-1.000000,-0.999207,-1.000000,-0.999390,-1.000000,-0.999603,-1.000000,-0.999786,-0.999969,-0.999908,-0.999969,-1.000000,-0.999878,-0.999969,-0.999817,-1.000000,-0.999756,-1.000000,-0.999756,-1.000000,-0.999756,-1.000000,-0.999756,-1.000000,-0.999786,-1.000000,-0.999878,-1.000000,-0.999939,-0.999939,-1.000000,-0.999817,-1.000000,-0.999664,-1.000000,-0.999481,-1.000000,-0.999298,-1.000000,-0.999146,-1.000000,-0.998962,-1.000000,-0.998932,-1.000000,-0.998993,-1.000000,-0.999115,-0.999969,-0.999451,-1.000000,-0.999939,-0.999695,-1.000000,-0.998993,-1.000000,-0.998108,-1.000000,-0.997101,-1.000000,-0.996124,-1.000000,-0.995178,-1.000000,-0.994415,-1.000000,-0.993958,-1.000000,-0.993927,-0.999969,-0.994507,-1.000000,-0.996033,-1.000000,-0.998932,-0.998779,-1.000000,-0.990967,-1.000000,-0.969971,-1.000000],